indiepop,indie.pop
60s,1960s
70s,1970s
80s,1980s
90s,1990s
00s,2000s
10s,2010s
40s,1940s
50s,1950s
30s,1930s
alternativerock,alternative.rock
alternativepop,alternative.pop
alt.rock,alternative.rock
alt,alternative
altrock,alternative.rock
alt.pop,alternative.pop
artpop,art.pop
2016,2010s
2015,2010s
2017,2010s
2014,2010s
2013,2010s
2012,2010s
synth.pop,synthpop
artrock,art.rock
blackmetal,black.metal
bluesrock,blues.rock
chip.tune,chiptune
alt.country,alternative.country
alternativecountry,alternative.country
altcountry,alternative.country
deathmetal,death.metal
deephouse,deep.house
doom,doom.metal
doommetal,doom.metal
down.tempo,downtempo
dreampop,dream.pop
dnb,drum.and.bass
drumandbass,drum.and.bass
d.n.b,drum.and.bass
d.and.b,drum.and.bass
dandb,drum.and.bass
dub.step,dubstep
heavymetal,heavy.metal
hiphop,hip.hop
rap.music,rap
rapmusic,rap
intelligent.dance.music,idm
intelligentdancemusic,idm
jamband,jam.band
phish,jam.band
j.pop,jpop
j.rock,jrock
k.pop,kpop
k.rock,krock
c.pop,cpop
kraut.rock,krautrock
latino,latin
latina,latin
lofi,lo.fi
low.fi,lo.fi
lowfi,lo.fi
minimalistic,minimal
modernclassical,modern.classical
newwave,new.wave
poppunk,pop.punk
poprock,pop.rock
postpunk,post.punk
postrock,post.rock
prog.rock,progressive.rock
progressiverock,progressive.rock
progrock,progressive.rock
prog,progressive.rock
psychedelia,psychedelic
psych,psychedelic
pysch,psychedelic
pyschedelic,psychedelic
pyschedelia,psychedelic
psychdelic,psychedelic
psychadelic,psychedelic
punk.rock,punk
punkrock,punk
rok,rock
female,female.vocalist
rnb,rhythm.and.blues
randb,rhythm.and.blues
r.and.b,rhythm.and.blues
rhythmandblues,rhythm.and.blues
rhythmnblues,rhythm.and.blues
rhythm.n.blues,rhythm.and.blues
shoe.gaze,shoegaze
shoegazing,shoegaze
songwriter,singer.songwriter
singersongwriter,singer.songwriter
skapunk,ska.punk
two.tone,2.tone
2tone,2.tone
twotone,2.tone
trojan,ska
skar,ska
stoner,stoner.rock
thrash,thrash.metal
stonerrock,stoner.rock
thrashmetal,thrash.metal
triphop,trip.hop
vapor.wave,vaporwave
vapourwave,vaporwave
videogame,video.game
videogame,video.game
world,world.music
world.music.music,world.music
worldmusic,world.music
free,freely.available
freedownload,freely.available
free.download,freely.available
chill.wave,chillwave
8bit,8.bit
nurave,nu.rave
nudisco,nu.disco
electro.pop,electropop
electronic.pop,electropop
alt.dance,alternative.dance
antifolk,anti.folk
balkanmetal,balkan.metal
crust,crust.punk
crustpunk,crust.punk
gothicmetal,gothic.metal
goth.metal,gothic.metal
goth.rock,gothic.rock
gothrock,gothic.rock
gothicrock,gothic.rock
goa,goa.trance
goatrance,goa.trance
gothicpop,gothic.pop
grind.core,grindcore
happyhardcore,happy.hardcore
horrorpunk,horror.punk
indiedisco,indie.disco
indiedance,indie.dance
italo,italo.disco
italodisco,italo.disco
melodicmetal,melodic.metal
newyork,new.york
ny,new.york
new.york.city,new.york
nyc,new.york
numetal,nu.metal
new.metal,nu.metal
newmetal,nu.metal
piratemetal,pirate.metal
posthardcore,post.hardcore
powerpop,power.pop
powermetal,power.metal
riot.girl,riot.grrrl
riotgrrl,riot.grrrl
riotgrrl,riot.grrrl
rockopera,rock.opera
rock.steady,rocksteady
sea.punk,seapunk
nerdpunk,nerd.punk
skate,skate.punk
skatepunk,skate.punk
sludge,sludge.metal
sludgemetal,sludge.metal
tropical,tropical.pop
vikingmetal,viking.metal
nordic.metal,viking.metal
witchhouse,witch.house
yodel,yodeling
yodelling,yodeling
raphiphop,hip.hop
drum.nbass,drum.and.bass
drum.andbass,drum.and.bass
brostep,dubstep
bro.step,dubstep
crudstep,dubstep
ukg,uk.garage
ukgarage,uk.garage
electronica,electronic
motown,soul
ost,soundtrack
va,various.artists
shit,shitmx
buttrock,butt.rock
whitelabel,white.label
usa,american
us,american
u.s.a,american
united.states,american
unitedstates,american
america,american
canada,canadian
mexico,mexican
haiti,haitian
jamaica,jamaican
japan,japanese
korea,korean
singapore,singaporean
china,chinese
france,french
londres,london
brit,british
england,british
ireland,irish
eire,irish
francois,french
deutsch,german
deutschland,german
germany,german
italy,italian
italia,italian
brazil,brazilian
argentina,argentinian
musicals,musical
cuba,cuban
kenya,kenyan
islam,muslim
islamic,muslim
foreign,world.music
aussie,australian
australia,australian
oz,australian
new.zealand,new.zealander
nz,new.zealander
fiji,fijian
vietnam,vietnamese
yemen,yemeni
armenia,armenian
iran,iranian
iraq,iraqi
kazakhstan,kazakh
russia,russian
lithuania,lithuanian
estonia,estonian
latvia,latvian
phillipines,filipino
romania,romanian
serbia,serbian
austria,austrian
hungaria,hungarian
united.kingdom,british
uk,british
u.k,british
britain,british
great.britain,british
switzerland,swiss
sweden,swedish
norway,norwegian
finland,finnish
iceland,icelandic
denmark,danish
holland,dutch
netherlands,dutch
nederland,dutch
belgium,belgian
spain,spanish
espana,spanish
espanol,spanish
greece,greek
portugal,portuguese
portugese,portuguese
scandinavia,scandinavian
south.korea,korean
north.korea,korean
southkorea,korean
korea,korean
20s,1920s
russki,russian
egypt,egyptian
africa,african
game,video.game
vocaltrance,vocal.trance
psy,psytrance
psy.trance,psytrance
psychedelic.trance,psytrance
psychtrance,psytrance
psych.trance,psytrance
stage..screen,soundtrack
softrock,soft.rock
rock..roll,rock.and.roll
rocknroll,rock.and.roll
rock.n.roll,rock.and.roll
rockandroll,rock.and.roll
j.core,jcore
mathrock,math.rock
turkey,turkish
mando.pop,mandopop
pp,pop
cantonese.pop,cantopop
canto.pop,cantopop
instrumental.hiphop,instrumental.hip.hop
drum.n.bass,drum.and.bass
electronica..downtempo,downtempo
brit.pop,britpop
rhythm..blues,rhythm.and.blues
metal.core,metalcore
drum..bass,drum.and.bass
braindance,idm
aor,album.oriented.rock
souljazz,soul.jazz
jazzfunk,jazz.funk
afrocuban,afro.cuban
bossanova,bossa.nova
forr,forro
fusion.jazz,jazz.fusion
1990,1990s
2000,2000s
2010,2010s
electro.acoustic,electroacoustic
field.recordings,field.recording
avantgarde,avant.garde
jazzrock,jazz.rock
hardbop,hard.bop
postbop,post.bop
futurejazz,future.jazz
drumnbass,drum.and.bass
drill.n.bass,drill.and.bass
deathrock,death.rock
hiphoprap,hip.hop
skramz,screamo
blackened,black.metal
blackened.death.metal,black.metal
israel,israeli
ukraine,ukrainian
kurd,kurdish
kurdistan,kurdish
taiwan,taiwanese
kurdistan,kurdish
kurd,kurdish
syria,syrian
palestine,palestinian
gaza,palestinian
west.bank,palestinian
westbank,palestinian
gazan,palestinian
drum.&.bass,drum.and.bass
poland,polish
taiwan,taiwanese
rsd,record.store.day
record.store.day.2017,record.store.day
record.store.day.2016,record.store.day
record.store.day.2015,record.store.day
record.store.day.2014,record.store.day
record.store.day.2013,record.store.day
record.store.day.2012,record.store.day
record.store.day.2011,record.store.day
record.store.day.2010,record.store.day
record.store.day.2009,record.store.day
record.store.day.2008,record.store.day
iran,iranian
rbsoul,rhythm.and.blues
jordan,jordanian
egypt,egyptian
taiwan,taiwanese
rb,rhythm.and.blues
musique.concrte,musique.concrete
brass..military,brass.and.military
bigband,big.band
break.beat,breakbeat
chill.out,chillout
pop.folk,folk.pop
indierock,indie.rock
spokenword,spoken.word
techhouse,tech.house
berlinschool,berlin.school
national.socialist.black.metal,nsbm
showtunes,soundtrack
stage.screen,soundtrack
stagescreen,soundtrack
uplift.trance,uplifting.trance
rock.y.alternativo,alternative.rock
jazzy.hiphop,jazzy.hip.hop
jazz.hop,jazzy.hip.hop
musica.popular.brasileira,mpb
hardrock,hard.rock
avantgarde.metal,avant.garde.metal
classical.music,classical
record.store.day.2018,record.store.day
kiwi,new.zealander
rsd.2018,record.store.day
pop.en.espaol,pop
msica.latina,latin
msicas.del.mundo,world.music
visualkei,visual.kei
christian..gospel,christian.and.gospel
shibuyakei,shibuya.kei
clssica,classical
sciencefiction,science.fiction
scifi,science.fiction
sci.fi,science.fiction
spaceopera,space.opera
cloudrap,cloud.rap
acidhouse,acid.house
psychedelicrock,psychedelic.rock
happyhardcore,happy.hardcore
hardhouse,hard.house
minstrel,minstrelsy
synthpunk,synth.punk
lebanon,lebanese
brasileira,brazilian
garagerock,garage.rock
rockroll,rock.and.roll
countryblues,country.blues
cover,covers
200s,2000s
female.vocals,female.vocalist
male.vocals,male.vocalist
female.vocals,female.vocalist
female.vocal,female.vocalist
male.vocal,male.vocalist
depressive.suicidal.black.meta,depressive.black.metal
dsbm,depressive.black.metal
original.score,soundtrack
singer..songwriter,singer.songwriter
death.metalblack.metal,black.metal
screemo,screamo
kaykyoku,kayokyoku
eurohouse,euro.house
soul..funk,soul.funk
standup,stand.up
historicalfiction,historical.fiction
mash.up,mashup
sga,sega
trash,thrash.metal
raphip.hop,hip.hop
record.store.day.2019,record.store.day
hip.hip,hip.hop
hardrock,hard.rock
rembetiko,rebetiko
rembetika,rebetiko
rebetika,rebetiko
alternative.r.and.b,alternative.rhythm.and.blues
alternative.r.b,alternative.rhythm.and.blues
alternative.rb,alternative.rhythm.and.blues
anarchist,anarchism
anarchy,anarchism
anarchopunk,anarcho.punk
anarcho,anarcho.punk
orchestral.suites,orchestral.suite
gangsta.rap,gangsta
thug.rap,thug
earlymusic,early.music 
classical.period,classical.era
romantic.period,romantic.era
baroque.period,baroque.era
baroque,baroque.era
thrash.core,thrashcore
trash.metal,thrash.metal
bob,bop
postbob,post.bop
nyhc,new.york.hardcore
dbeat,d.beat
concertos,concerto
communist,communism
filmmusik,soundtrack
filmevideospiele,soundtrack
film.score,soundtrack
soundtracks,soundtrack
tv.soundtrack,soundtrack
children,childrens.music
childrens,childrens.music
childrensmusic,childrens.music
kid,childrens.music
kids,childrens.music
kid.music,childrens.music
kids.music,childrens.music
kidsmusic,childrens.music
cow.punk,cowpunk
power.violence,powerviolence
emo.violence,emoviolence
dancepop,dance.pop
melodic.house..techno,melodic.house.and.techno
hardcore..hard.techno,hardcore.techno
hardcore..hard.techno,hardcore.techno
minimal..deep.tech,minimal
cow.punk,cowpunk
janpanese,japanese
kuwait,kuwaiti
meditative,meditation
norte,norteno
norteo,norteno
trap..future.bass,future.bass
minimal..deep.tech,minimal
chanukah,hanukkah
hanukah,hanukkah
khanike,hanukkah
politics,political
protest.songs,protest
protest.song,protest
kayoukyoku,kayokyoku
gwo.ka,gwoka
unitedkingdom,british
fieldrecordings,field.recording
be.bop,bebop
bop,bebop
chansonfrancaise,chanson
chansonfranaise,chanson
r.n.b,rhythm.and.blues
klassik,classical
barock,baroque
trkische.volksmusik,turkish
brasilianische.musik,brazilian
lateinamerikanische.musik,latin
german.music,german
deutsche.musik,german
schlager..volksmusik ,schlager
deeptechno,deep.techno
dubtechno,dub.techno
childrensmusic,childrens.music
phc,post.hardcore
contemporary.rb,contemporary.rhythm.and.blues
neo.classical,neoclassical
improvisation,free.improvisation
drumbass ,drum.and.bass
anisong,anison
schlager..volksmusik,schlager
melodic.house..techno,melodic.house.and.techno
hardcore..hard.techno,hardcore.techno
hardcore..hard.techno,hardcore.techno
minimal..deep.tech,minimal
euro.dance,eurodance
euro.pop,europop
afrocuban.jazz,afro.cuban.jazz
afrocubanjazz,afro.cuban.jazz
latijnse.muziek,latin
period.instrument,period.instruments
rpi,rock.progressivo.italiano
brasilian,brazilian
minlimalhouse,minimal.house
darksynth,dark.synth
ansion,anison
danseband,dansband
gammaldans,gammeldans
brazillian,brazilian
brasil,brazilian
skwee,skweee
nepalese,nepali
pakistanese,pakistani
sacred.music,sacred
liturgical,sacred
futurebass,future.bass
hard.core,hardcore
math.core,mathcore
rsd,record.store.day
record.store.day.2020,record.store.day
latin.music,latin
brazilian.music,brazilian
rock.pop,pop.rock
gothic.rock,gothic
symphonies,symphony
symphonicmetal,symphonic.metal
powermetal,power.metal
juke..footwork,juke
oldtime,old.time
brazil,brazilian
ghettohouse,ghetto.house
hinrg,hi.nrg
juds,childrens.music
kids,childrens.music
children,childrens.music
neo.folk,neofolk
folkrock,folk.rock
ccm,contemporary.christian
microhouse,micro.house
sea.shanty,sea.shanties
euro.disco,eurodisco
euro.pop,europop
symphonic.prog,symphonic.progressive
half.time,halftime
gabba,gabber
progressivehouse,progressive.house
electrohouse,electro.house
bagpipes,bagpipe
darkfolk,dark.folk
hammond.organ,hammond
contemporary.rnb,contemporary.rhythm.and.blues
crossover.progressive.rock,crossover.progressive
crossover.prog,crossover.progressive
ethnic,world.music
asian.music,world.music
bigroom,big.room
futurehouse,future.house
chopped.n.screwed,chopped.and.screwed
ghettotek,ghettotech
ghetto.tech,ghettotech
sonatas,sonata
alternativa,alternative
arias,aria
quartets,quartet
duets,duet
trios,trio
solos,solo
quintets,quintet
string.quartets,string.quartet
vocals,vocal
overtures,overture
preludes,prelude
string,strings
art.songs,art.song
org.core,orgcore
funk.soul,funk.and.soul
funk..soul,funk.and.soul
drum,drums
techno.peak.time..driving,techno
techno.peak.time,techno
techno.raw.deep.hypnotic,techno
games,video.game
film.scores,soundtrack
movies,soundtrack
films,soundtrack
movies,soundtrack
filmsgames,soundtrackg
jpoop,jpop
anime,anison
ska.core,skacore
angola,angolan
accordeon,accordion
electrorock,electronic.rock
electro.rock,electronic.rock
world.beat,worldbeat
afro.beat,afrobeat
cabo.verde,cape.verdean
cape.verde,cape.verdean
transcriptions,transcription
synthrock,synth.rock
jam.bands,jam.band
ndw,neue.deutsche.welle
darkambient,dark.ambient
acappella,a.cappella
a.capella,a.cappella
acapella,a.cappella
raggae,reggae
soul.funk,funk.and.soul
dprk,north.korean
powernoise,power.noise
rhythmicnoise,rhythmic.noise
future.pop,futurepop
cold.wave,coldwave
electropunk,electro.punk
dark.wave,darkwave
chill.hop,chillhop
break.core,breakcore
rap.core,rapcore
uruguay,uruguayan
2021s,2020s
singer.and.songwriter,singer.songwriter
nu.disco..disco,nu.disco
uk.garage..bassline,uk.garage
dance..electro.pop,electropop
organic.house..downtempo,downtempo
trap..hip.hop..rb,hip.hop
hardcore.hiphop,hardcore.hip.hop
trap..wave,trapwave
trap.wave,trapwave
rock.roll,rock.and.roll
rhytm.and.blues,rhythm.and.blues
garagehouse,garage.house
easylistening,easy.listening
funksoul,funk.and.soul
latinjazz,latin.jazz
smoothjazz,smooth.jazz
electroindustrial ,electro.industrial
speed.core,speedcore
synth.wave,synthwave
cyber.punk,cyberpunk
darkjazz,dark.jazz
jazzfusion,jazz.fusion
newjersey,new.jersey
fieldrecording,field.recording
newage,new.age
spacerock,space.rock
free.improv,free.improvisation
postindustrial,post.industrial
futurebeats,future.beats
noise.core,noisecore
aggro.tech,aggrotech
electronicbodymusic,ebm
electronic.body.music,ebm
video.game.music,video.game
sbdm,slamming.brutal.death.metal
slam.death.metal,slamming.brutal.death.metal
slamming.death.metal,slamming.brutal.death.metal
rock.alt,alternative.rock
slow.core,slowcore
npzene,nepzene
musique.francophone,french
videogame.music,video.game
free.album,freely.available
free.music,freely.available
free.music.downloads,freely.available
free.songs,freely.available
hard.core.punk,hardcore.punk
game.soundtrack,video.game
psychedlic,psychedelic
psychedlic.rock,psychedelic.rock
wales,welsh
contemporary.r.n.b,contemporary.rhythm.and.blues
contemporary.randb,contemporary.rhythm.and.blues
contemporary.r.and.b,contemporary.rhythm.and.blues
cymraeg,welsh
cymru,welsh
punkrock,punk
hardcorepunk,hardcore.punk
vocaljazz,vocal.jazz
iranian.music,iranian
persian.classical.music,persian.classical
christmas.music,christmas
deutschrap,german
german.rap,german
kraut,krautrock
techo,techno
chill.synth,chillsynth
doujinshi,doujin
kosmiche,kosmische
randbsoul,rhythm.and.blues
standup.comedy,stand.up
standupcomedy,stand.up
stand.up.comedy,stand.up
riot.grrrrl,riot.grrrl
brass..woodwinds,brass.and.woodwinds
freeimprovisation,free.improvisation
musiques.du.monde,world.music
classique,classical
freejazz,free.jazz
contemporaryjazz,contemporary.jazz
bid.sounds,bird.sounds
lectronique,electronic
ambiant,ambient
capella,a.capella
decon.club,deconstructed.club
jaz,jazz
accapella,a.cappella
2step,2.step
two.step,2.step
ambience,ambient
afro.beats,afrobeats
avantgarde.jazz,avant.garde.jazz
avantgardejazz,avant.garde.jazz
avant.gardejazz,avant.garde.jazz
chiptunes,chiptune
brokenbeat,broken.beat
blue.grass,bluegrass
boombap,boom.bap
chillhouse,chill.house
citypop,city.pop
countryrock,country.rock
electronicmusic,electronic
electronic.music,electronic
funk.jazz,jazz.funk
doowop,doo.wop
cut.up,cutup
dungeonsynth,dungeon.synth
electricblues,electric.blues
gore.grind,goregrind
movie,soundtrack
jam.grass,jamgrass
jazz.hip.hop,jazzy.hip.hop
minimaltechno,minimal.techno
left.field,leftfield
math,mathematics
maths,mathematics
musicproduction,music.production
musiqueconcrete,musique.concrete
musiqueconcrte,musique.concrete
rockpop,pop.rock
nowave,no.wave
powerelectronics,power.electronics
progressivetrance,progressive.trance
psychedelicpop,psychedelic.pop
rhythmblues,rhythm.and.blues
rhythm.blues,rhythm.and.blues
r.b,rhythm.and.blues
r..b,rhythm.and.blues
video.games,video.game
videogames,video.game
soundart,sound.art
nigeria,nigerian
nujazz,nu.jazz
reggaepop,reggae.pop
mali,malian
algeria,algerian
albania,albanian
afghanistan,afghan
andorra,andorran
abkhazia,abkhazian
american.samoa,american.samoan
anguilla,anguillan
antarctica,antarctic
armenia,armenian
yugoslavia,yugoslav
zimbabwe,zimbabwean
balkans,balkan
alps,alpine
hungary,hungarian
czech.republic,czech
croatia,croatian
costa.rica,costa.rican
zambia,zambian
tunisia,tunisian
aruba,aruban
azerbaijan,azerbaijani
bahamas,bahamian
bahrain,bahraini
bangladesh,bangladeshi
barbados,barbadian
belarus,belarusian
belize,belizean
benin,beninese
bermuda,bermudian
bhutan,bhutanese
bolivia,bolivian
brunei,bruneian
bosnia,bosnian
bulgaria,bulgarian
burkina.faso,burkinabe
burundi,burundian
congo,congolese
drc,congolese
cambodia,cambodian
asia,asian
europe,european
middle.east,middle.eastern
west.indies,west.indian
soviet.union,soviet
cornwall,cornish
south.america,south.american
central.america,central.american
oceania,oceanian
cambodia,cambodian
cameroon,cameroonian
togo,togolese
slovakia,slovak
central.african.republic,central.african
chad,chadian
chile,chilean
colombia,colombian
comoros,comoron
cyprus,cypriot
dominica,dominican
dominican.republic,dominican
east.timor,timorese
ecuador,ecuadorian
sahara,saharan
zaire,zairean
ivory.coast,ivorian
isle.of.man,manx
india,indian
scotland,scottish
madagascar,malagasy
niger,nigerien
senegal,senegalese
thailand,thai
transylvania,transylvanian
ethiopia,ethiopian
el.salvador,salvadoran
eritrea,eritrean
burma,burmese
oman,omani
peru,peruvian
uganda,ugandan
andes,andean
appalachia,appalachian
bali,balinese
sri.lanka,sri.lankan
surfrock,surf.rock
folkmetal,folk.metal
eletronic,electronic
english.folk.music,english.folk
folk.english,english.folk
folk.scottish,scottish.folk
scottish.folk.music,scottish.folk
celtic.folk.music,celtic.folk
folk.celtic,celtic.folk
folk.irish,irish.folk
irish.folk.music,irish.folk
Equatorial.Guinea,equatorial.guinean
equatorial.guinea,equatorial.guinean
french.guiana,french.guianese
gabon,gabonese
zanzibar,zanzibari
gambia,gambian
ghana,ghanaian
guatemala,guatemalan
guinea,guinean
guinea.bissau,bissau.guinean
honduras,honduran
indonesia,indonesian
south.africa,south.african
malawi,malawian
puerto.rico,puerto.rican
rwanda,rwandan
sudan,sudanese
libya,libyan
seychelles,seychellois
slovenia,slovenian
somalia,somali
somalian,somali
saudi.arabia,saudi
samoa,samoan
malaya,malayan
galicia,galician
catalonia,catalan
mongolia,mongolian
liberia,liberian
south.sudan,south.sudanese
tonga,tongan
gregorian.chants,gregorian.chant
african.music,african
kuduros,kuduro
2018,2010s
2019,2010s
2011,2010s
2010,2010s
2020,2020s
2021,2020s
2022,2020s
2023,2020s
2024,2020s
2025,2020s
2026,2020s
2027,2020s
2028,2020s
2029,2020s
high.life,highlife
dance.and.house,house
organichouse.,organic.house
house.tech,tech.house
house.acid,acid.house
house.deep,deep.house
house.witch,witch.house
house.hard,hard.house
house.euro,euro.house
house.minimal,minimal.house
house.ghetto,ghetto.house
house.micro,micro.house
house.progressive,progressive.house
house.electro,electro.house
house.future,future.house
house.organic,organic.house
house.garage,garage.house
house.chill,chill.house
anjunadeep,electronic
ninjatune,electronic
lullabies,lullaby
stage,stage.and.screen
screen,stage.and.screen
hnw,harsh.noise.wall
impressionism,impressionist
gregorian,gregorian.chant
pianoforte,fortepiano
lieder,lied
panflute,pan.flute
8.bit,8bit
yy,ye.ye
yeye,ye.ye
korean.hiphop,korean.hip.hop
rythym.and.blues,rhythm.and.blues
rap.and.hip.hop,rap
tehcno,techno
???????????.??????,electronic
????????????.??????,electronic
electronic.house,house
electronic.techno,techno